트림 명칭,트림코드,라인업코드,사용여부,소비자가
플래티넘 5인승 (A/T),2060101,20601,Y,47020000
플래티넘 6인승 (A/T),2060102,20601,Y,48050000
플래티넘 7인승 (A/T),2060103,20601,Y,47660000
마스터즈 5인승 (A/T),2060104,20601,Y,51640000
마스터즈 6인승 (A/T),2060105,20601,Y,52670000
마스터즈 7인승 (A/T),2060106,20601,Y,52280000
마스터즈 그래비티 5인승 (A/T),2060107,20601,Y,55860000
마스터즈 그래비티 6인승 (A/T),2060108,20601,Y,56890000
마스터즈 그래비티 7인승 (A/T),2060109,20601,Y,56500000
플래티넘 5인승 (A/T),2060201,20602,Y,47020000
플래티넘 6인승 (A/T),2060202,20602,Y,48050000
플래티넘 7인승 (A/T),2060203,20602,Y,47660000
마스터즈 5인승 (A/T),2060204,20602,Y,51640000
마스터즈 6인승 (A/T),2060205,20602,Y,52670000
마스터즈 7인승 (A/T),2060206,20602,Y,52280000
마스터즈 그래비티 5인승 (A/T),2060207,20602,Y,55860000
마스터즈 그래비티 6인승 (A/T),2060208,20602,Y,56890000
마스터즈 그래비티 7인승 (A/T),2060209,20602,Y,56500000
스마트 (A/T),1040201,10402,Y,27540000
프리미엄 초이스 (5인승) (A/T),1020301,10203,Y,32050000
프레스티지 (5인승) (A/T),1020303,10203,Y,35140000
노블레스 (A/T),2100301,21003,Y,38240000
시그니처 (A/T),2100302,21003,Y,42360000
프레스티지 (A/T),2100501,21005,Y,31600000
노블레스 (A/T),2100502,21005,Y,35900000
시그니처 (A/T),2100503,21005,Y,39850000
프레스티지 (A/T),2100801,21008,Y,32800000
노블레스 (A/T),2100802,21008,Y,37100000
시그니처 (A/T),2100803,21008,Y,41050000
시그니처 (A/T),2100901,21009,Y,41050000
프레스티지 (A/T),2100601,21006,Y,32800000
노블레스 (A/T),2100602,21006,Y,37100000
시그니처 (A/T),2100603,21006,Y,41050000
시그니처 (A/T),2100604,21006,Y,41050000
프레스티지 (A/T),2100101,21001,Y,31600000
노블레스 (A/T),2100102,21001,Y,35900000
시그니처 (A/T),2100103,21001,Y,39850000
노블레스 (A/T),2100701,21007,Y,39420000
시그니처 (A/T),2100702,21007,Y,43540000
시그니처 (A/T),2100201,21002,Y,62710000
시그니처 (A/T),2100401,21004,Y,60660000
프레스티지 (7인승) (A/T),1020304,10203,Y,35780000
프리미엄 (7인승) (A/T),1020308,10203,Y,31860000
프리미엄 초이스 (7인승) (A/T),1020302,10203,Y,32690000
프리미엄 (5인승) (A/T),1020401,10204,Y,33480000
프리미엄 (7인승) (A/T),1020402,10204,Y,34120000
프리미엄 초이스 (5인승) (A/T),1020403,10204,Y,34310000
프리미엄 초이스 (7인승) (A/T),1020404,10204,Y,34950000
프레스티지 (5인승) (A/T),1020405,10204,Y,37400000
프레스티지 (7인승) (A/T),1020406,10204,Y,38040000
럭셔리 AWD (A/T),6020301,60203,Y,84420000
럭셔리 AWD (A/T),6020101,60201,Y,81480000
럭셔리 RWD (A/T),6020102,60201,Y,79030000
프리미엄 럭셔리 AWD (A/T),6020103,60201,Y,93750000
프레스티지 AWD (A/T),6020104,60201,Y,111910000
럭셔리 RWD (A/T),6020302,60203,Y,81970000
프리미엄 럭셔리 AWD (A/T),6020303,60203,Y,96700000
프레스티지 AWD (A/T),6020304,60203,Y,114860000
프레스티지 AWD (A/T),6020201,60202,Y,119770000
익스클루시브 (8인승) (A/T),1050102,10501,Y,35730000
프레스티지 (8인승) (A/T),1050104,10501,Y,41130000
익스클루시브 (8인승) (A/T),1050302,10503,Y,37210000
프레스티지 (8인승) (A/T),1050304,10503,Y,42610000
트렌디 (A/T),2070701,20707,Y,24150000
프레스티지 (A/T),2070702,20707,Y,26210000
익스클루시브 (7인승) (A/T),1050101,10501,Y,36020000
프레스티지 그래비티 (A/T),2070703,20707,Y,26550000
시그니처 (A/T),2070704,20707,Y,29500000
프레스티지 (7인승) (A/T),1050103,10501,Y,41420000
익스클루시브 (8인승) (A/T),1050202,10502,Y,38040000
익스클루시브 (7인승) (A/T),1050201,10502,Y,38330000
프레스티지 (8인승) (A/T),1050204,10502,Y,43440000
프레스티지 (7인승) (A/T),1050203,10502,Y,43730000
캘리그래피 (7인승) (A/T),1050205,10502,Y,48550000
시그니처 그래비티 (A/T),2070705,20707,Y,29840000
트렌디 (A/T),2070801,20708,Y,26210000
익스클루시브 (7인승) (A/T),1050301,10503,Y,37500000
프레스티지 (7인승) (A/T),1050303,10503,Y,42900000
익스클루시브 (8인승) (A/T),1050402,10504,Y,39520000
익스클루시브 (7인승) (A/T),1050401,10504,Y,39810000
프레스티지 (8인승) (A/T),1050404,10504,Y,44920000
프레스티지 (7인승) (A/T),1050403,10504,Y,45210000
캘리그래피 (7인승) (A/T),1050405,10504,Y,50030000
프레스티지 (A/T),2070802,20708,Y,28270000
프레스티지 그래비티 (A/T),2070803,20708,Y,28610000
시그니처 (A/T),2070804,20708,Y,31560000
시그니처 그래비티 (A/T),2070805,20708,Y,31900000
트렌디 (A/T),2070901,20709,Y,24640000
프레스티지 (A/T),2070902,20709,Y,26700000
프레스티지 그래비티 (A/T),2070903,20709,Y,27040000
시그니처 (A/T),2070904,20709,Y,29990000
시그니처 그래비티 (A/T),2070905,20709,Y,30330000
트렌디 (A/T),2071001,20710,Y,26700000
프레스티지 (A/T),2071002,20710,Y,28760000
프레스티지 그래비티 (A/T),2071003,20710,Y,29100000
시그니처 (A/T),2071004,20710,Y,32050000
시그니처 그래비티 (A/T),2071005,20710,Y,32390000
프레스티지 (A/T),2070601,20706,Y,23760000
프레스티지 그래비티 (A/T),2070602,20706,Y,24100000
시그니처 (A/T),2070603,20706,Y,27050000
시그니처 그래비티 (A/T),2070604,20706,Y,27390000
스마트 (A/T),1040101,10401,Y,23860000
프리미엄 (A/T),1040102,10401,Y,26310000
프리미엄 패밀리 (A/T),1040103,10401,Y,28760000
프리미엄 밀레니얼 (A/T),1040104,10401,Y,30530000
인스퍼레이션 (A/T),1040105,10401,Y,32980000
프리미엄 (A/T),1040501,10405,Y,26410000
프리미엄 패밀리 (A/T),1040502,10405,Y,29160000
프리미엄 밀레니얼 (A/T),1040503,10405,Y,30920000
인스퍼레이션 (A/T),1040504,10405,Y,33130000
프리미엄 (5인승) (A/T),1020307,10203,Y,31220000
프레스티지 (A/T),2040901,20409,Y,32440000
노블레스 (A/T),2040902,20409,Y,33870000
X 에디션 (A/T),2040903,20409,Y,35240000
노블레스 (A/T),2041001,20410,Y,36130000
시그니처 (A/T),2041002,20410,Y,38190000
프레스티지 (A/T),2040801,20408,Y,36390000
노블레스 (A/T),2040802,20408,Y,38160000
시그니처 (A/T),2040803,20408,Y,40320000
프레스티지 (A/T),2040701,20407,Y,31370000
노블레스 (A/T),2040702,20407,Y,36070000
프레스티지 리무진 AWD (A/T),6020202,60202,Y,156090000
스마트 (A/T),1040401,10404,Y,24890000
프리미엄 (A/T),1010101,10101,Y,32940000
프리미엄 초이스 (A/T),1010102,10101,Y,33680000
익스클루시브 (A/T),1010103,10101,Y,36810000
캘리그래피 (A/T),1010104,10101,Y,41080000
프리미엄 (A/T),1010201,10102,Y,35780000
프리미엄 초이스 (A/T),1010202,10102,Y,36520000
익스클루시브 (A/T),1010203,10102,Y,39220000
캘리그래피 (A/T),1010204,10102,Y,43490000
프리미엄 (A/T),1010401,10104,Y,33280000
프리미엄 초이스 (A/T),1010402,10104,Y,34020000
프리미엄 (A/T),1010301,10103,Y,36690000
익스클루시브 (A/T),1010302,10103,Y,40120000
캘리그래피 (A/T),1010303,10103,Y,44890000
트렌디 (A/T),2080901,20809,Y,24350000
프레스티지 (A/T),2080902,20809,Y,27240000
노블레스 (A/T),2080903,20809,Y,29210000
시그니처 (A/T),2080904,20809,Y,31510000
트렌디 (A/T),2080701,20807,Y,23560000
프레스티지 (A/T),2080702,20807,Y,26060000
노블레스 (A/T),2080703,20807,Y,28030000
시그니처 (A/T),2080704,20807,Y,30730000
트렌디 (A/T),2080801,20808,Y,27540000
프레스티지 (A/T),2080802,20808,Y,29510000
프리미엄 초이스 (A/T),1010304,10103,Y,37430000
노블레스 (A/T),2080803,20808,Y,31490000
시그니처 (A/T),2080804,20808,Y,33650000
프레스티지 (A/T),2080601,20806,Y,26510000
노블레스 (A/T),2080602,20806,Y,29210000
시그니처 (A/T),2080603,20806,Y,30680000
2WD (5인승) (A/T),6030301,60303,Y,64600000
2WD (5인승) (A/T),6030101,60301,Y,60670000
2WD (5인승) (A/T),6030201,60302,Y,66070000
2WD (7인승) (A/T),6030102,60301,Y,61650000
AWD (A/T),6010301,60103,Y,58110000
AWD (A/T),6010101,60101,Y,55660000
AWD (A/T),6010201,60102,Y,62140000
AWD (5인승) (A/T),6030202,60302,Y,69510000
AWD (7인승) (A/T),6030203,60302,Y,70490000
2WD (7인승) (A/T),6030302,60303,Y,65580000
AWD (5인승) (A/T),6030303,60303,Y,68040000
AWD (7인승) (A/T),6030304,60303,Y,69020000
AWD (5인승) (A/T),6030103,60301,Y,64110000
AWD (7인승) (A/T),6030104,60301,Y,65090000
2WD (7인승) (A/T),6030204,60302,Y,67050000
2WD (A/T),6010102,60101,Y,52910000
2WD (A/T),6010202,60102,Y,59390000
2WD (A/T),6010302,60103,Y,55360000
플래티넘 RWD (A/T),2050101,20501,Y,54780000
베스트 셀렉션ⅠAWD (A/T),2050103,20501,Y,60770000
그랜드 플래티넘 AWD (A/T),2050104,20501,Y,68520000
베스트 셀렉션Ⅱ AWD (A/T),2050105,20501,Y,76420000
마스터즈 RWD (A/T),2050301,20503,Y,65770000
그랜드 마스터즈 AWD (A/T),2050303,20503,Y,73230000
베스트 셀렉션Ⅱ AWD (A/T),2050304,20503,Y,81140000
퀀텀 AWD (A/T),2050201,20502,Y,92030000
캘리그래피 (7인승) (A/T),1050305,10503,Y,47720000
캘리그래피 (7인승) (A/T),1050105,10501,Y,46240000
프리미엄 (A/T),1040402,10404,Y,27050000
프리미엄 패밀리 (A/T),1040403,10404,Y,29450000
프리미엄 밀레니얼 (A/T),1040404,10404,Y,31220000
인스퍼레이션 (A/T),1040405,10404,Y,33670000
프리미엄 (A/T),1040202,10402,Y,29610000
프리미엄 패밀리 (A/T),1040203,10402,Y,32270000
프리미엄 밀레니얼 (A/T),1040204,10402,Y,34090000
인스퍼레이션 (A/T),1040205,10402,Y,35990000
2WD 모던 (A/T),1030201,10302,Y,24350000
2WD 프리미엄 (A/T),1030202,10302,Y,26410000
2WD 인스퍼레이션 (A/T),1030203,10302,Y,31550000
AWD 모던 (A/T),1030204,10302,Y,26310000
AWD 프리미엄 (A/T),1030205,10302,Y,28370000
AWD 인스퍼레이션 (A/T),1030206,10302,Y,33510000
2WD 모던 (A/T),1030301,10303,Y,26260000
2WD 프리미엄 (A/T),1030302,10303,Y,28320000
2WD 인스퍼레이션 (A/T),1030303,10303,Y,33460000
AWD 모던 (A/T),1030304,10303,Y,28470000
AWD 프리미엄 (A/T),1030305,10303,Y,30530000
AWD 인스퍼레이션 (A/T),1030306,10303,Y,35670000
플래티넘 AWD (A/T),2050102,20501,Y,57230000
마스터즈 AWD (A/T),2050302,20503,Y,68220000
슈퍼캡 초장축 스타일 (A/T),1060501,10605,Y,17880000
슈퍼캡 초장축 스마트 (A/T),1060502,10605,Y,18330000
슈퍼캡 초장축 모던 (A/T),1060503,10605,Y,19400000
슈퍼캡 초장축 프리미엄 (A/T),1060504,10605,Y,21030000
더블캡 초장축 스타일 (A/T),1060505,10605,Y,19150000
더블캡 초장축 스마트 (A/T),1060506,10605,Y,19600000
더블캡 초장축 모던 (A/T),1060507,10605,Y,20670000
더블캡 초장축 프리미엄 (A/T),1060508,10605,Y,22360000
일반캡 초장축 스타일 (A/T),1060509,10605,Y,17770000
일반캡 초장축 스마트 (A/T),1060510,10605,Y,18220000
일반캡 초장축 모던 (A/T),1060511,10605,Y,19250000
일반캡 초장축 프리미엄 (A/T),1060512,10605,Y,20880000
슈퍼캡 초장축 스마트 스페셜 (A/T),1060701,10607,Y,40600000
슈퍼캡 초장축 프리미엄 스페셜 (A/T),1060702,10607,Y,42740000
내장탑차 초장축 슈퍼캡 스타일 (A/T),1060901,10609,Y,20020000
내장탑차 초장축 슈퍼캡 스마트 (A/T),1060902,10609,Y,21770000
내장탑차 초장축 슈퍼캡 모던플러스 (A/T),1060903,10609,Y,24120000
내장탑차 초장축 더블캡 스마트 (A/T),1060904,10609,Y,22840000
하이내장탑차 초장축 일반캡 스마트 (A/T),1060905,10609,Y,22260000
하이내장탑차 초장축 슈퍼캡 스타일 (A/T),1060906,10609,Y,20760000
하이내장탑차 초장축 슈퍼캡 스마트 (A/T),1060907,10609,Y,22300000
하이내장탑차 초장축 슈퍼캡 모던플러스 (A/T),1060908,10609,Y,24650000
내장탑파워게이트 초장축 슈퍼캡 스마트 (A/T),1060909,10609,Y,25470000
저상내장탑차 초장축 슈퍼캡 스타일 (A/T),1060910,10609,Y,20130000
냉동탑차 초장축 일반캡 스마트 트윈컴프 (A/T),1061001,10610,Y,25080000
냉동탑차 초장축 슈퍼캡 스타일 싱글컴프 (A/T),1061002,10610,Y,24440000
냉동탑차 초장축 슈퍼캡 스타일 트윈컴프 (A/T),1061003,10610,Y,24490000
냉동탑차 초장축 슈퍼캡 스마트 트윈컴프 (A/T),1061004,10610,Y,25310000
냉동탑차 초장축 슈퍼캡 모던플러스 트윈컴프 (A/T),1061005,10610,Y,27660000
초저온냉동탑차 초장축 슈퍼캡 스마트 트윈컴프 (일체형) (A/T),1061006,10610,Y,26500000
하이냉동탑차 초장축 일반캡 스마트 트윈검프 (A/T),1061007,10610,Y,25320000
하이냉동탑차 초장축 슈퍼캡 스타일 싱글컴프 (A/T),1061008,10610,Y,24920000
하이냉동탑차 초장축 슈퍼캡 스타일 트윈컴프 (A/T),1061009,10610,Y,24970000
하이냉동탑차 초장축 슈퍼캡 스마트 트윈컴프 (A/T),1061010,10610,Y,25680000
하이냉동탑차 초장축 슈퍼캡 모던플러스 트윈컴프 (A/T),1061011,10610,Y,28030000
저상냉동탑차 초장축 슈퍼캡 스타일 트윈컴프 (A/T),1061012,10610,Y,23840000
저상복합냉동탑차 초장축 슈퍼캡 스타일 트윈컴프 (다용도) (A/T),1061013,10610,Y,23930000
저상복합냉동탑차 초장축 슈퍼캡 스타일 트윈컴프 (미닫이) (A/T),1061014,10610,Y,24430000
냉장탑차 초장축 슈퍼캡 스타일 트윈컴프 (A/T),1061015,10610,Y,23780000
냉장탑차 초장축 슈퍼캡 스마트 트윈컴프 (A/T),1061016,10610,Y,25190000
하이냉장탑차 초장축 슈퍼캡 스타일 트윈검프 (A/T),1061017,10610,Y,24700000
하이냉장탑차 초장축 슈퍼캡 스마트 트윈검프 (A/T),1061018,10610,Y,25200000
수동식윙바디 초장축 슈퍼캡 스타일 (A/T),1061101,10611,Y,21790000
수동식윙바디 초장축 슈퍼캡 스마트 (A/T),1061102,10611,Y,22400000
전동식윙바디 초장축 슈퍼캡 스타일 (A/T),1061103,10611,Y,23600000
전동식윙바디 초장축 슈퍼캡 스마트 (A/T),1061104,10611,Y,24310000
활어운반차 초장축 슈퍼캡 스마트 (A/T),1061105,10611,Y,22980000
다용도탑차 초장축 슈퍼캡 스마트 (A/T),1061106,10611,Y,22020000
파워게이트 초장축 슈퍼캡 스타일 (A/T),1061201,10612,Y,21250000
파워게이트 초장축 슈퍼캡 스마트 (A/T),1061202,10612,Y,21760000
파워게이트 초장축 더블캡 스마트 (A/T),1061203,10612,Y,23080000
트랜스파워게이트 초장축 슈퍼캡 스마트 (A/T),1061204,10612,Y,22970000
시티밴 초장축 슈퍼캡 스마트 (A/T),1061205,10612,Y,25390000
스마트 (A/T),1070102,10701,Y,17170000
모던 (A/T),1070103,10701,Y,19480000
인스퍼레이션 (A/T),1070104,10701,Y,24530000
스포츠 (A/T),1070202,10702,Y,23750000
인스퍼레이션 (A/T),1070203,10702,Y,27790000
스마트 (A/T),1070301,10703,Y,21990000
모던 (A/T),1070302,10703,Y,23770000
인스퍼레이션 (A/T),1070303,10703,Y,28140000
스타일 (A/T),1070401,10704,Y,18550000
스마트 (A/T),1070402,10704,Y,20860000
모던 (A/T),1070403,10704,Y,22230000
밴 (A/T),2010101,20101,Y,11800000
밴 스페셜 (A/T),2010102,20101,Y,12350000
스탠다드 (A/T),2010103,20101,Y,11950000
스탠다드 마이너스 (A/T),2010104,20101,Y,11750000
프레스티지 (A/T),2010105,20101,Y,13500000
시그니처 (A/T),2010106,20101,Y,14800000
시그니처 엣지-UP (A/T),2010107,20101,Y,15450000
스탠다드 (A/T),2020101,20201,Y,13500000
프레스티지 (A/T),2020102,20201,Y,14700000
시그니처 (A/T),2020103,20201,Y,15700000
밴 스탠다드 (A/T),2020104,20201,Y,12600000
밴 프레스티지 (A/T),2020105,20201,Y,13000000
밴 스페셜 (A/T),2020106,20201,Y,13450000
스탠다드 (A/T),2030101,20301,Y,17570000
스탠다드 LED 팩 (A/T),2030102,20301,Y,18650000
프레스티지 (A/T),2030103,20301,Y,19440000
시그니처 (A/T),2030104,20301,Y,21400000
SE (A/T),5010101,50101,Y,24500000
SE 플러스 (A/T),5010102,50101,Y,26810000
LE (A/T),5010103,50101,Y,28960000
RE (A/T),5010104,50101,Y,31120000
프리미에르 (A/T),5010105,50101,Y,32650000
LE (A/T),5010201,50102,Y,30730000
프리미에르 (A/T),5010202,50102,Y,34220000
SE (A/T),5010301,50103,Y,24010000
SE 플러스 (A/T),5010302,50103,Y,26310000
LE (A/T),5010303,50103,Y,28470000
RE (A/T),5010304,50103,Y,30490000
SE (A/T),5020101,50201,Y,24740000
LE (A/T),5020102,50201,Y,26310000
RE (A/T),5020103,50201,Y,28720000
RE 시그니처 (A/T),5020104,50201,Y,30390000
프리미에르 (A/T),5020105,50201,Y,33240000
SE (A/T),5020201,50202,Y,24350000
LE (A/T),5020202,50202,Y,25920000
RE (A/T),5020203,50202,Y,28330000
RE 시그니처 (A/T),5020204,50202,Y,30000000
프리미에르 (A/T),5020205,50202,Y,32450000
2WD 럭셔리 (A/T),4010101,40101,Y,37360000
2WD 프레스티지 (A/T),4010102,40101,Y,42160000
4WD 럭셔리 (A/T),4010103,40101,Y,39290000
4WD 프레스티지 (A/T),4010104,40101,Y,44090000
4WD 더 블랙 (A/T),4010105,40101,Y,50160000
2WD 럭셔리 (A/T),4010201,40102,Y,36950000
2WD 프레스티지 (A/T),4010202,40102,Y,41750000
4WD 럭셔리 (A/T),4010203,40102,Y,38880000
4WD 프레스티지 (A/T),4010204,40102,Y,43680000
4WD 더 블랙 (A/T),4010205,40102,Y,49750000
프리미엄 (5인승) (A/T),1020101,10201,Y,29750000
프리미엄 (7인승) (A/T),1020102,10201,Y,30390000
프리미엄 초이스 (5인승) (A/T),1020103,10201,Y,30580000
프리미엄 초이스 (7인승) (A/T),1020104,10201,Y,31220000
프레스티지 (5인승) (A/T),1020105,10201,Y,33670000
프레스티지 (7인승) (A/T),1020106,10201,Y,34310000
캘리그래피 (5인승) (A/T),1020107,10201,Y,38380000
캘리그래피 (7인승) (A/T),1020108,10201,Y,39020000
프리미엄 (5인승) (A/T),1020201,10202,Y,32010000
프리미엄 (7인승) (A/T),1020202,10202,Y,32650000
프리미엄 초이스 (5인승) (A/T),1020203,10202,Y,32840000
프리미엄 초이스 (7인승) (A/T),1020204,10202,Y,33480000
프레스티지 (5인승) (A/T),1020205,10202,Y,35930000
프레스티지 (7인승) (A/T),1020206,10202,Y,36570000
캘리그래피 (5인승) (A/T),1020207,10202,Y,40640000
캘리그래피 (7인승) (A/T),1020208,10202,Y,41280000
캘리그래피 (5인승) (A/T),1020305,10203,Y,39850000
캘리그래피 (7인승) (A/T),1020306,10203,Y,40490000
캘리그래피 (5인승) (A/T),1020407,10204,Y,42110000
캘리그래피 (7인승) (A/T),1020408,10204,Y,42750000
VIP (7인승) (A/T),1050106,10501,Y,51830000
VIP (7인승) (A/T),1050206,10502,Y,54150000
VIP (7인승) (A/T),1050306,10503,Y,53320000
VIP (7인승) (A/T),1050406,10504,Y,55630000
모던 (A/T),1030101,10301,Y,28570000
프리미엄 (A/T),1030102,10301,Y,30730000
인스퍼레이션 (A/T),1030103,10301,Y,34670000
LS (A/T),3010101,30101,Y,19590000
LT (A/T),3010102,30101,Y,21850000
LT (A/T),3010201,30102,Y,22640000
프리미어 (A/T),3010202,30102,Y,24450000
프리미어 AWD (A/T),3010203,30102,Y,26520000
액티브 (A/T),3010204,30102,Y,25230000
액티브 AWD (A/T),3010205,30102,Y,27300000
RS (A/T),3010206,30102,Y,25730000
RS AWD (A/T),3010207,30102,Y,27800000
트렌디 (5인승) (A/T),2090301,20903,Y,29250000
트렌디 (6인승) (A/T),2090302,20903,Y,30040000
트렌디 (7인승) (A/T),2090303,20903,Y,29940000
프레스티지 (5인승) (A/T),2090304,20903,Y,32100000
프레스티지 (6인승) (A/T),2090305,20903,Y,32890000
프레스티지 (7인승) (A/T),2090306,20903,Y,32790000
노블레스 (5인승) (A/T),2090307,20903,Y,35050000
노블레스 (6인승) (A/T),2090308,20903,Y,36230000
노블레스 (7인승) (A/T),2090309,20903,Y,35740000
시그니처 (5인승) (A/T),2090310,20903,Y,37890000
시그니처 (6인승) (A/T),2090311,20903,Y,38680000
시그니처 (7인승) (A/T),2090312,20903,Y,38580000
그래비티 (5인승) (A/T),2090313,20903,Y,38870000
그래비티 (6인승) (A/T),2090314,20903,Y,39660000
그래비티 (7인승) (A/T),2090315,20903,Y,39560000
트렌디 (5인승) (A/T),2090401,20904,Y,31510000
트렌디 (6인승) (A/T),2090402,20904,Y,32300000
트렌디 (7인승) (A/T),2090403,20904,Y,32200000
프레스티지 (5인승) (A/T),2090404,20904,Y,34360000
프레스티지 (6인승) (A/T),2090405,20904,Y,35150000
프레스티지 (7인승) (A/T),2090406,20904,Y,35050000
노블레스 (5인승) (A/T),2090407,20904,Y,37310000
노블레스 (6인승) (A/T),2090408,20904,Y,38490000
노블레스 (7인승) (A/T),2090409,20904,Y,38000000
시그니처 (5인승) (A/T),2090410,20904,Y,40150000
시그니처 (6인승) (A/T),2090411,20904,Y,40940000
시그니처 (7인승) (A/T),2090412,20904,Y,40840000
그래비티 (5인승) (A/T),2090413,20904,Y,41130000
그래비티 (6인승) (A/T),2090414,20904,Y,41920000
그래비티 (7인승) (A/T),2090415,20904,Y,41820000
트렌디 (5인승) (A/T),2090101,20901,Y,30240000
트렌디 (6인승) (A/T),2090102,20901,Y,31030000
트렌디 (7인승) (A/T),2090103,20901,Y,30930000
프레스티지 (5인승) (A/T),2090104,20901,Y,33080000
프레스티지 (6인승) (A/T),2090105,20901,Y,33870000
프레스티지 (7인승) (A/T),2090106,20901,Y,33770000
노블레스 (5인승) (A/T),2090107,20901,Y,36030000
노블레스 (6인승) (A/T),2090108,20901,Y,37210000
노블레스 (7인승) (A/T),2090109,20901,Y,36720000
시그니처 (5인승) (A/T),2090110,20901,Y,38870000
시그니처 (6인승) (A/T),2090111,20901,Y,39660000
시그니처 (7인승) (A/T),2090112,20901,Y,39560000
트렌디 (5인승) (A/T),2090201,20902,Y,32500000
트렌디 (6인승) (A/T),2090202,20902,Y,33290000
트렌디 (7인승) (A/T),2090203,20902,Y,33190000
프레스티지 (5인승) (A/T),2090204,20902,Y,35340000
프레스티지 (6인승) (A/T),2090205,20902,Y,36130000
프레스티지 (7인승) (A/T),2090206,20902,Y,36030000
노블레스 (5인승) (A/T),2090207,20902,Y,38290000
노블레스 (6인승) (A/T),2090208,20902,Y,39470000
노블레스 (7인승) (A/T),2090209,20902,Y,38980000
시그니처 (5인승) (A/T),2090210,20902,Y,41130000
시그니처 (6인승) (A/T),2090211,20902,Y,41920000
시그니처 (7인승) (A/T),2090212,20902,Y,41820000
프레스티지 (5인승) (A/T),2090501,20905,Y,35340000
프레스티지 (6인승) (A/T),2090502,20905,Y,36130000
프레스티지 (7인승) (A/T),2090503,20905,Y,36030000
노블레스 (5인승) (A/T),2090504,20905,Y,38090000
노블레스 (6인승) (A/T),2090505,20905,Y,39270000
노블레스 (7인승) (A/T),2090506,20905,Y,38780000
시그니처 (5인승) (A/T),2090507,20905,Y,40740000
시그니처 (6인승) (A/T),2090508,20905,Y,41530000
시그니처 (7인승) (A/T),2090509,20905,Y,41430000
그래비티 (5인승) (A/T),2090510,20905,Y,41620000
그래비티 (6인승) (A/T),2090511,20905,Y,42410000
그래비티 (7인승) (A/T),2090512,20905,Y,42310000
프레스티지 (5인승) (A/T),2090601,20906,Y,37600000
프레스티지 (6인승) (A/T),2090602,20906,Y,38390000
프레스티지 (7인승) (A/T),2090603,20906,Y,38290000
노블레스 (5인승) (A/T),2090604,20906,Y,40350000
노블레스 (6인승) (A/T),2090605,20906,Y,41530000
노블레스 (7인승) (A/T),2090606,20906,Y,41040000
시그니처 (5인승) (A/T),2090607,20906,Y,43000000
시그니처 (6인승) (A/T),2090608,20906,Y,43790000
시그니처 (7인승) (A/T),2090609,20906,Y,43690000
그래비티 (5인승) (A/T),2090610,20906,Y,43880000
그래비티 (6인승) (A/T),2090611,20906,Y,44670000
그래비티 (7인승) (A/T),2090612,20906,Y,44570000
2WD (A/T),6040101,60401,Y,"47,910,000"
AWD (A/T),6040102,60401,Y,"50,860,000"
스포츠 2WD (A/T),6040103,60401,Y,"51,840,000"
스포츠 AWD (A/T),6040104,60401,Y,"54,790,000"
AWD (A/T),6040201,60402,Y,"57,240,000"
스포츠 AWD (A/T),6040202,60402,Y,"60,380,000"
2WD (A/T),6040301,60403,Y,"50,360,000"
AWD (A/T),6040302,60403,Y,"53,310,000"
스포츠 2WD (A/T),6040303,60403,Y,"54,290,000"
스포츠 AWD (A/T),6040304,60403,Y,"57,240,000"
AMG E53 4MATIC+ (A/T),7010101,70101,Y,119400000
AMG E53 4MATIC+ Coupe (A/T),7010201,70102,Y,115400000
E250 Avantgarde (A/T),7010301,70103,Y,64500000
E250 Exclusive (A/T),7010302,70103,Y,68900000
E350 4MATIC AMG Line (A/T),7010303,70103,Y,88800000
E350 4MATIC AMG Line Edition (A/T),7010304,70103,Y,83800000
E350 4MATIC Avantgarde (A/T),7010305,70103,Y,84800000
E300e 4MATIC Exclusive (A/T),7010401,70104,Y,83900000
E450 4MATIC Exclusive (A/T),7010501,70105,Y,104700000
E220d 4MATIC AMG Line (A/T),7010601,70106,Y,77900000
E220d 4MATIC Exclusive (A/T),7010602,70106,Y,75500000
E450 4MATIC Cabriolet (A/T),7010701,70107,Y,106600000
E450 4MATIC Coupe (A/T),7010801,70108,Y,100600000
AMG C43 Sedan 4MATIC (A/T),7020101,70201,Y,86600000
AMG C43 Coupe 4MATIC (A/T),7020201,70202,Y,91700000
AMG C63 S Coupe (A/T),7020301,70203,Y,139000000
C200 Sedan (A/T),7020401,70204,Y,50800000
C200 Sedan Avantgarde (A/T),7020402,70204,Y,55100000
C220d Sedan Avantgarde 4MATIC (A/T),7020501,70205,Y,60600000
C200 Cabriolet (A/T),7020601,70206,Y,65000000
C200 Coupe (A/T),7020701,70207,Y,60600000
C200 Sedan AMG Line (A/T),7020801,70208,Y,59200000
C200 Cabriolet (A/T),7020901,70209,Y,67300000
AMG S63 Coupe 4MATIC+ (A/T),7030101,70301,Y,220100000
AMG S63 Sedan Long 4MATIC+ (A/T),7030201,70302,Y,244600000
AMG S63 Coupe 4MATIC+ (A/T),7030301,70303,Y,224700000
S350 Sedan Long (A/T),7030401,70304,Y,151000000
S450 Sedan Long 4Matic (A/T),7030402,70304,Y,172700000
S560e Sedan (A/T),7030501,70305,Y,199400000
S560 Sedan Long 4MATIC (A/T),7030601,70306,Y,208300000
S350d Sedan AMG Line 4MATIC (A/T),7030701,70307,Y,134200000
S450 Coupe 4MATIC (A/T),7030801,70308,Y,154900000
AMG S63 4MATIC+ Coupe (A/T),7030901,70309,Y,225700000
AMG GLC43 4MATIC (A/T),7040101,70401,Y,96900000
AMG GLC43 Coupe 4MATIC (A/T),7040201,70402,Y,98500000
AMG GLC63 S Coupe 4MATIC+ (A/T),7040301,70403,Y,129100000
GLC300 4MATIC (A/T),7040401,70404,Y,71100000
GLC300 Premium 4MATIC (A/T),7040402,70404,Y,78500000
GLC300e 4MATIC (A/T),7040501,70405,Y,75800000
GLC220d 4MATIC (A/T),7040601,70406,Y,67500000
GLC300 Coupe 4MATIC (A/T),7040701,70407,Y,75400000
GLC300 Coupe Premium 4MATIC (A/T),7040702,70407,Y,82000000
GLC300e Coupe 4MATIC (A/T),7040801,70408,Y,79900000
GLC220d Coupe 4MATIC (A/T),7040901,70409,Y,72600000
AMG GLC43 4MATIC (A/T),7041001,70410,Y,97900000
AMG GLC43 4MATIC Coupe (A/T),7041101,70411,Y,99600000
GLC300e 4MATIC (A/T),7041201,70412,Y,76700000
GLC300e 4MATIC Coupe (A/T),7041301,70413,Y,80800000
GLE450 4MATIC (A/T),7050101,70501,Y,116400000
GLE300d 4MATIC (A/T),7050201,70502,Y,92700000
GLE400d 4MATIC Coupe (A/T),7050301,70503,Y,119300000
GLB220 (A/T),7060101,70601,Y,
GLB250 4MATIC (A/T),7060102,70601,Y,
GLB220 (A/T),7060201,70602,Y,
GLB250 4MATIC (A/T),7060202,70602,Y,
GLB250 4MATIC (7인승) (A/T),7060203,70602,Y,
GLB200d (A/T),7060301,70603,Y,
AMG GLB35 4MATIC (A/T),7060401,70604,Y,
520i Luxury Line (A/T),8010101,80101,Y,63600000
520i M Sport Package (A/T),8010102,80101,Y,65100000
530i Luxury Line (A/T),8010103,80101,Y,72000000
530i M Sport Package (A/T),8010104,80101,Y,76200000
530i xDrive Luxury Line (A/T),8010105,80101,Y,75600000
530i xDrive M Sport Package (A/T),8010106,80101,Y,79800000
530e Luxury Line (A/T),8010201,80102,Y,78800000
530e M Sport Package (A/T),8010202,80102,Y,81600000
540i xDrive Luxury Line (A/T),8010301,80103,Y,98400000
540i xDrive M Sport Package (A/T),8010302,80103,Y,102100000
M550i xDrive (A/T),8010401,80104,Y,116400000
523d Luxury Line (A/T),8010501,80105,Y,70400000
523d M Sport Package (A/T),8010502,80105,Y,75000000
523d xDrive Luxury Line (A/T),8010503,80105,Y,73900000
523d xDrive M Sport Package (A/T),8010504,80105,Y,78500000
740Li xDrive DPE (A/T),8020101,80201,Y,163200000
740Li xDrive M Sport Package (A/T),8020102,80201,Y,167000000
740i sDrive DPE (A/T),8020103,80201,Y,140500000
740i sDrive M Sport Package (A/T),8020104,80201,Y,144300000
745e DPE (A/T),8020201,80202,Y,147400000
745e M Sport Package (A/T),8020202,80202,Y,151300000
745Le DPE (A/T),8020203,80202,Y,162900000
745Le M Sport Package (A/T),8020204,80202,Y,166700000
M760Li xDrive (A/T),8020301,80203,Y,232600000
730d xDrive DPE (A/T),8020401,80204,Y,138600000
730d xDrive M Sport Package (A/T),8020402,80204,Y,142400000
730Ld xDrive DPE (A/T),8020403,80204,Y,149600000
730Ld xDrive M Sport Package (A/T),8020404,80204,Y,153300000
740d xDrive DPE (A/T),8020405,80204,Y,148300000
740d xDrive M Sport Package (A/T),8020406,80204,Y,152100000
118d Joy (A/T),8030101,80301,Y,39400000
118d Sport Line (A/T),8030102,80301,Y,41900000
118d M Sport Package (A/T),8030103,80301,Y,45500000
M235i xDrive Gran Coupe (A/T),8040101,80401,Y,59900000
M235i xDrive Gran Coupe M Performance Edition (A/T),8040102,80401,Y,61800000
218d Gran Coupe Advantage (A/T),8040201,80402,Y,40900000
218d Gran Coupe M Sport Package (A/T),8040202,80402,Y,47200000
218d Gran Coupe M Sport Edition (A/T),8040203,80402,Y,48900000
220d Gran Coupe Luxury Line (A/T),8040204,80402,Y,48300000
320i Sedan (A/T),8050101,80501,Y,51700000
320i Sedan Luxury Line (A/T),8050102,80501,Y,54600000
320i Sedan M Sport Package (A/T),8050103,80501,Y,54600000
320i Sedan M Sport Black Suit (A/T),8050104,80501,Y,54200000
M340i Sedan (A/T),8050201,80502,Y,75800000
M340i Long Beach Blue Edition (A/T),8050202,80502,Y,79100000
320d Sedan M Sport Package (A/T),8050301,80503,Y,57000000
320d Sedan M Sport Package xDrive (A/T),8050302,80503,Y,60000000
320d Sedan (A/T),8050303,80503,Y,54100000
320d Sedan xDrive (A/T),8050304,80503,Y,57000000
320d Sedan Luxury Line (A/T),8050305,80503,Y,57000000
320d Sedan Luxury BMW Korea 25th Edition (A/T),8050306,80503,Y,62200000
320d Sedan Luxury Line xDrive (A/T),8050307,80503,Y,60000000
xDrive20i Advantage (A/T),8060101,80601,Y,
xDrive20i M Sport Package (A/T),8060102,80601,Y,
xDrive18d Advantage (A/T),8060201,80602,Y,
xDrive18d M Sport Package (A/T),8060202,80602,Y,
xDrive30d xLine (7인승) (A/T),8070101,80701,Y,
xDrive30d M Sport Package (A/T),8070102,80701,Y,
xDrive40d xLine (A/T),8070103,80701,Y,
xDrive40d xLine (7인승) (A/T),8070104,80701,Y,
xDrive40d M Sport Package (A/T),8070105,80701,Y,
xDrive40i xLine (A/T),8070201,80702,Y,
xDrive40i xLine (7인승) (A/T),8070202,80702,Y,
xDrive40i M Sport Package (A/T),8070203,80702,Y,
M50i (A/T),8070301,80703,Y,
xDrive45e xLine (A/T),8070401,80704,Y,
xDrive45e M Sport Package (A/T),8070402,80704,Y,
40 TDI (A/T),9010101,90101,Y,65320000
40 TDI Premium (A/T),9010102,90101,Y,69250000
40 TDI Quattro Premium (A/T),9010103,90101,Y,72200000
45 TFSI (A/T),9010201,90102,Y,63850000
45 TFSI Quattro (A/T),9010202,90102,Y,66800000
45 TFSI Premium (A/T),9010203,90102,Y,67780000
45 TFSI Quattro Premium (A/T),9010204,90102,Y,70720000
45 TDI Quattro Premium (A/T),9010301,90103,Y,77110000
50 TDI Quattro Premium (A/T),9010302,90103,Y,84960000
TDI (A/T),9010401,90104,Y,106080000
45 TDI Quattro Premium (A/T),9020101,90201,Y,87910000
50 TDI Quattro Premium (A/T),9020102,90201,Y,97230000
55 TFSI Quattro Premium (A/T),9020201,90202,Y,95110000
TDI (A/T),9020301,90203,Y,117210000
55 TFSI Quattro Premium (A/T),9020401,90204,Y,93790000
TDI (A/T),9020501,90205,Y,115890000
A8 50 TDI Quattro (A/T),9030101,90301,Y,134580000
A8 L 50 TDI Quattro (A/T),9030102,90301,Y,144390000
A8 L 55 TFSI Quattro (A/T),9030201,90302,Y,147330000
S8 L TFSI (A/T),9030301,90303,Y,201350000
익스클루시브 (A/T),1010403,10104,N,37160000
익스클루시브 (A/T),1040301,10403,N,0
익스클루시브 (A/T),1040601,10406,N,0
익스클루시브 (A/T),2040101,20401,N,0
익스클루시브 (A/T),2040301,20403,N,0
익스클루시브 (A/T),2040401,20404,N,0
익스클루시브 (A/T),2040501,20405,N,0
익스클루시브 (A/T),2040601,20406,N,0
익스클루시브 (A/T),2070101,20701,N,0
익스클루시브 (A/T),2070201,20702,N,0
익스클루시브 (A/T),2070301,20703,N,0
익스클루시브 (A/T),2070401,20704,N,0
익스클루시브 (A/T),2070501,20705,N,0
익스클루시브 (A/T),2080201,20802,N,0
익스클루시브 (A/T),2080301,20803,N,0
익스클루시브 (A/T),2080401,20804,N,0
슈퍼캡 초장축 스타일 (M/T),1060513,10605,N,-
슈퍼캡 초장축 스마트 (M/T),1060514,10605,N,-
슈퍼캡 초장축 모던 (M/T),1060515,10605,N,-
슈퍼캡 초장축 프리미엄 (M/T),1060516,10605,N,-
슈퍼캡 장축 스마트 (M/T),1060517,10605,N,-
슈퍼캡 장축 모던 (M/T),1060518,10605,N,-
더블캡 초장축 스타일 (M/T),1060519,10605,N,-
더블캡 초장축 스마트 (M/T),1060520,10605,N,-
더블캡 초장축 모던 (M/T),1060521,10605,N,-
더블캡 초장축 프리미엄 (M/T),1060522,10605,N,-
더블캡 장축 스마트 (M/T),1060523,10605,N,-
일반캡 초장축 스타일 (M/T),1060524,10605,N,-
일반캡 초장축 스마트 (M/T),1060525,10605,N,-
일반캡 초장축 모던 (M/T),1060526,10605,N,-
일반캡 초장축 프리미엄 (M/T),1060527,10605,N,-
슈퍼캡 장축 스타일 (M/T),1060601,10606,N,-
슈퍼캡 장축 스마트 (M/T),1060602,10606,N,-
슈퍼캡 장축 모던 (M/T),1060603,10606,N,-
슈퍼캡 장축 프리미엄 (M/T),1060604,10606,N,-
더블캡 장축 스타일 (M/T),1060605,10606,N,-
더블캡 장축 스마트 (M/T),1060606,10606,N,-
더블캡 장축 모던 (M/T),1060607,10606,N,-
더블캡 장축 프리미엄 (M/T),1060608,10606,N,-
일반캡 장축 스타일 (M/T),1060609,10606,N,-
일반캡 장축 스마트 (M/T),1060610,10606,N,-
일반캡 장축 모던 (M/T),1060611,10606,N,-
일반캡 장축 프리미엄 (M/T),1060612,10606,N,-
일반캡 초장축 (M/T),1060801,10608,N,-
더블캡 초장축 (M/T),1060802,10608,N,-
내장탑차 초장축 슈퍼캡 스타일 (M/T),1060911,10609,N,-
내장탑차 초장축 슈퍼캡 스마트 (M/T),1060912,10609,N,-
내장탑차 초장축 슈퍼캡 모던플러스 (M/T),1060913,10609,N,-
내장탑차 초장축 더블캡 스마트 (M/T),1060914,10609,N,-
하이내장탑차 초장축 일반캡 스마트 (M/T),1060915,10609,N,-
하이내장탑차 초장축 슈퍼캡 스타일 (M/T),1060916,10609,N,-
하이내장탑차 초장축 슈퍼캡 스마트 (M/T),1060917,10609,N,-
하이내장탑차 초장축 슈퍼캡 모던플러스 (M/T),1060918,10609,N,-
내장탑파워게이트 초장축 슈퍼캡 스마트 (M/T),1060919,10609,N,-
저상내장탑차 초장축 슈퍼캡 스타일 (M/T),1060920,10609,N,-
냉동탑차 초장축 일반캡 스마트 트윈컴프 (M/T),1061019,10610,N,-
냉동탑차 초장축 슈퍼캡 스타일 싱글컴프 (M/T),1061020,10610,N,-
냉동탑차 초장축 슈퍼캡 스타일 트윈컴프 (M/T),1061021,10610,N,-
냉동탑차 초장축 슈퍼캡 스마트 트윈컴프 (M/T),1061022,10610,N,-
냉동탑차 초장축 슈퍼캡 모던플러스 트윈컴프 (M/T),1061023,10610,N,-
초저온냉동탑차 초장축 슈퍼캡 스마트 트윈컴프 (일체형) (M/T),1061024,10610,N,-
하이냉동탑차 초장축 일반캡 스마트 트윈검프 (M/T),1061025,10610,N,-
하이냉동탑차 초장축 슈퍼캡 스타일 싱글컴프 (M/T),1061026,10610,N,-
하이냉동탑차 초장축 슈퍼캡 스타일 트윈컴프 (M/T),1061027,10610,N,-
하이냉동탑차 초장축 슈퍼캡 스마트 트윈컴프 (M/T),1061028,10610,N,-
하이냉동탑차 초장축 슈퍼캡 모던플러스 트윈컴프 (M/T),1061029,10610,N,-
저상냉동탑차 초장축 슈퍼캡 스타일 트윈컴프 (M/T),1061030,10610,N,-
저상복합냉동탑차 초장축 슈퍼캡 스타일 트윈컴프 (다용도) (M/T),1061031,10610,N,-
저상복합냉동탑차 초장축 슈퍼캡 스타일 트윈컴프 (미닫이) (M/T),1061032,10610,N,-
냉장탑차 초장축 슈퍼캡 스타일 트윈컴프 (M/T),1061033,10610,N,-
냉장탑차 초장축 슈퍼캡 스마트 트윈컴프 (M/T),1061034,10610,N,-
하이냉장탑차 초장축 슈퍼캡 스타일 트윈검프 (M/T),1061035,10610,N,-
하이냉장탑차 초장축 슈퍼캡 스마트 트윈검프 (M/T),1061036,10610,N,-
수동식윙바디 초장축 슈퍼캡 스타일 (M/T),1061107,10611,N,-
수동식윙바디 초장축 슈퍼캡 스마트 (M/T),1061108,10611,N,-
전동식윙바디 초장축 슈퍼캡 스타일 (M/T),1061109,10611,N,-
전동식윙바디 초장축 슈퍼캡 스마트 (M/T),1061110,10611,N,-
활어운반차 초장축 슈퍼캡 스마트 (M/T),1061111,10611,N,-
다용도탑차 초장축 슈퍼캡 스마트 (M/T),1061112,10611,N,-
이동주유차 장축 슈퍼캡 스마트 (M/T),1061113,10611,N,-
파워게이트 초장축 슈퍼캡 스타일 (M/T),1061206,10612,N,-
파워게이트 초장축 슈퍼캡 스마트 (M/T),1061207,10612,N,-
파워게이트 초장축 더블캡 스마트 (M/T),1061208,10612,N,-
트랜스파워게이트 초장축 슈퍼캡 스마트 (M/T),1061209,10612,N,-
시티밴 초장축 슈퍼캡 스마트 (M/T),1061210,10612,N,-
덤프4WD 장축 슈퍼캡 스타일 (M/T),1061211,10612,N,-
덤프4WD 장축 슈퍼캡 스마트 (M/T),1061212,10612,N,-
덤프4WD 일체형 적재함 장축 슈퍼캡 스타일 (M/T),1061213,10612,N,-
덤프4WD 일체형 적재함 장축 슈퍼캡 스마트 (M/T),1061214,10612,N,-
스마트 (M/T),1070101,10701,N,15700000
스포츠 (M/T),1070201,10702,N,21790000
렌터카 스타일 (A/T),1070501,10705,N,17750000
렌터카 스마트 (A/T),1070502,10705,N,19950000
장애인용 모던 왼발장애 (A/T),1070503,10705,N,21260000
장애인용 모던 왼손왼발장애 (A/T),1070504,10705,N,21190000
SE (A/T),5010401,50104,N,0
SE 플러스 (A/T),5010402,50104,N,0
LE (A/T),5010403,50104,N,0
RE (A/T),5010404,50104,N,0
SE (A/T),5020301,50203,N,23290000
LE (A/T),5020302,50203,N,24790000
RE (A/T),5020303,50203,N,27100000
RE 시그니처 (A/T),5020304,50203,N,28690000
프리미에르 (A/T),5020305,50203,N,31040000
스탠다드 (A/T),2080501,20805,N,0
트렌디 (A/T),2080502,20805,N,0
320i Touring Luxury Line (A/T),8050401,80504,N,56600000
320d Touring M Sport Package (A/T),8050501,80505,N,59500000